category,file_kind,files
archived failed or superseded attempts,derived,161
archived failed or superseded attempts,guard transcript,48
archived failed or superseded attempts,raw,161
archived failed or superseded attempts,supporting,91
experiment arms (Checkpoints 4A-10),derived,12456
experiment arms (Checkpoints 4A-10),guard transcript,624
experiment arms (Checkpoints 4A-10),raw,12456
experiment arms (Checkpoints 4A-10),supporting,264
exploratory smoke runs,derived,1512
exploratory smoke runs,guard transcript,48
exploratory smoke runs,raw,1512
exploratory smoke runs,supporting,192
"readiness gates, preflights and development pilots (Checkpoints 1-3)",derived,1184
"readiness gates, preflights and development pilots (Checkpoints 1-3)",raw,1184
"readiness gates, preflights and development pilots (Checkpoints 1-3)",supporting,294
run logs and provider-check results,supporting,137
ALL,raw,15313
ALL,all files,32324
